{
  "extends": ["tslint:latest", "tslint-react"],
  "rules": {
    "jsx-wrap-multiline": false,
    "semicolon": [true, "never"],
    "no-submodule-imports": false,
    "jsx-boolean-value": [true, "never"]
  },
    "compilerOptions": {
      "plugins": [
        {
          "name": "typescript-tslint-plugin",
          "alwaysShowRuleFailuresAsWarnings": false,
          "ignoreDefinitionFiles": true,
          "configFile": "../tslint.json",
          "suppressWhileTypeErrorsPresent": false
        }
      ]
    }
  }